{"run_id":"e7f74cb8-5bd8-4104-9be4-c9fea5cbed53","determinism_hash":"50c44c5ebfd1cbd501ef2498f0baa116a1b9f6f8ce9379ee9bcec3162cb9b222","effective_config_hash":"sha256:989c37f2187afa7adeed3046bb0fbd4848c30f9013f36f68ce8150e74b48ca2b","problem_states":[{"type":"problem_state_v1","schema_version":"1.0.0","problem_state_id":"ps_acb736e3886448fc83eac462","created_at_ts":1768888756186,"subjectRef":{"projectId":"P_DEFAULT","groupId":"G_CAF"},"scale":"group","window":{"startTs":1430294400000,"endTs":1430298000000},"problem_type":"TIME_COVERAGE_GAPPY","confidence":"LOW","uncertainty_sources":["SAMPLING_DENSITY"],"summary":"Insufficient sampling density in window: 3.3% of expected samples (expected_interval_ms=60000)","metrics_involved":["soil_moisture_vwc_120cm","soil_moisture_vwc_150cm","soil_moisture_vwc_30cm","soil_moisture_vwc_60cm","soil_moisture_vwc_90cm","soil_temp_c_120cm","soil_temp_c_150cm","soil_temp_c_30cm","soil_temp_c_60cm","soil_temp_c_90cm"],"sensors_involved":["CAF009"],"supporting_evidence_refs":[{"kind":"qc_summary","ref_id":"qc_2aaf3f8ee65cc868f04bf0a9","note":"canonical qc summary (deterministic)","time_range":{"startTs":1430294400000,"endTs":1430298000000}},{"kind":"ledger_slice","ref_id":"ls_2d2e0ee49d329a79c3a93c04","note":"canonical slice of input facts (deterministic)","time_range":{"startTs":1430294400000,"endTs":1430298000000}},{"kind":"state_vector","ref_id":"time_gap_3540000","note":"max_gap_ms=3540000, expected_interval_ms=60000","time_range":{"startTs":1430294400000,"endTs":1430298000000}}],"state_inputs_used":[],"system_degraded":true,"state_layer_hint":"unknown","rate_class_hint":"mid","problem_scope":"spatial_unit"}],"ao_sense":[{"type":"ao_sense_v1","schema_version":"1.0.0","ao_sense_id":"ao_a37e272c1d14e9b8c067682c","created_at_ts":1768888756187,"run_id":"e7f74cb8-5bd8-4104-9be4-c9fea5cbed53","subjectRef":{"projectId":"P_DEFAULT","groupId":"G_CAF"},"scale":"group","window":{"startTs":1430294400000,"endTs":1430298000000},"priority":"HIGH","sense_kind":"VERIFY","note":"sampling density too low; supporting evidence insufficient","sense_focus":"WINDOW_COVERAGE","supporting_problem_state_id":"ps_acb736e3886448fc83eac462"}],"silent":false,"run_meta":{"pipeline_version":"judge_pipeline_v1","config_profile":"default"},"input_fact_ids":["raw_03e868e978e94de02bc8c4da8c34f4133875fcc8","raw_07d5705e01cf76e738d970ca97c5b39306bfd79e","raw_1d8f4071dc83be988a118cac51d1ef9d554f5d35","raw_2b09d327f7cadea807fa36d8f5542b4c6f5c8145","raw_2b19db55c2e19dc4945fafdd7ef7faed9f56ce2b","raw_2c3062aad4fd72f03a491a346d5b0d03b99bae0a","raw_2efaf245c7012d5ed0647eb75bc35080bbf9b8c7","raw_2fb3099e140ae9d99e48eacbe77facb47af2d83d","raw_7628c141ff6eb8320a5b36da7dba6fb97cf1e83c","raw_8f42b9e082a3672fb725e6e65a123a8b8372f334","raw_97215427e7acbc2d37be7a4c78fa4b09938b51aa","raw_9a546f1b90a666accb2b4299082fb6e5588452f8","raw_a6a113dca83f363af1331b12813594b5822d45f1","raw_aa5ca512c71e3a5a6ba41cd721c36e0e58dea528","raw_ae29c72d43b10649e8d6159912cb10a2d4b2e97d","raw_b0f84b748f72e88bf5b902ac2cd22394c67592a3","raw_b19d877d0ec83bf291410394f87a302cf462a428","raw_b28a38a6682a190177109062a5d2879c58b0975f","raw_b813155a87b558deb6b6c0d482b56c547b13f832","raw_bb1b6144337a5ebdd37b3242d64525af55e90b8c"]}