{
    "run_id":  "e7f74cb8-5bd8-4104-9be4-c9fea5cbed53",
    "determinism_hash":  "50c44c5ebfd1cbd501ef2498f0baa116a1b9f6f8ce9379ee9bcec3162cb9b222",
    "effective_config_hash":  "sha256:989c37f2187afa7adeed3046bb0fbd4848c30f9013f36f68ce8150e74b48ca2b",
    "groupId":  "G_CAF",
    "sensor_id":  "CAF009",
    "hours":  1,
    "expected_interval_ms":  60000,
    "points_present":  2,
    "expected_points":  60,
    "metrics_present":  10,
    "problem_types":  [
                          "TIME_COVERAGE_GAPPY"
                      ],
    "uncertainty_sources":  [
                                "SAMPLING_DENSITY"
                            ],
    "ao_sense_kinds":  [
                           "VERIFY"
                       ],
    "ao_sense_focus":  [
                           "WINDOW_COVERAGE"
                       ]
}